--
-- PostgreSQL database dump
--

-- Dumped from database version 12.9 (Ubuntu 12.9-2.pgdg20.04+1)
-- Dumped by pg_dump version 12.9 (Ubuntu 12.9-2.pgdg20.04+1)

SET statement_timeout = 0;
SET lock_timeout = 0;
SET idle_in_transaction_session_timeout = 0;
SET client_encoding = 'UTF8';
SET standard_conforming_strings = on;
SELECT pg_catalog.set_config('search_path', '', false);
SET check_function_bodies = false;
SET xmloption = content;
SET client_min_messages = warning;
SET row_security = off;

DROP DATABASE universe;
--
-- Name: universe; Type: DATABASE; Schema: -; Owner: freecodecamp
--

CREATE DATABASE universe WITH TEMPLATE = template0 ENCODING = 'UTF8' LC_COLLATE = 'C.UTF-8' LC_CTYPE = 'C.UTF-8';


ALTER DATABASE universe OWNER TO freecodecamp;

\connect universe

SET statement_timeout = 0;
SET lock_timeout = 0;
SET idle_in_transaction_session_timeout = 0;
SET client_encoding = 'UTF8';
SET standard_conforming_strings = on;
SELECT pg_catalog.set_config('search_path', '', false);
SET check_function_bodies = false;
SET xmloption = content;
SET client_min_messages = warning;
SET row_security = off;

SET default_tablespace = '';

SET default_table_access_method = heap;

--
-- Name: galaxy; Type: TABLE; Schema: public; Owner: freecodecamp
--

CREATE TABLE public.galaxy (
    galaxy_id integer NOT NULL,
    name character varying(30) NOT NULL,
    life numeric NOT NULL,
    exist boolean NOT NULL,
    num_planet integer NOT NULL,
    size integer NOT NULL,
    description text NOT NULL
);


ALTER TABLE public.galaxy OWNER TO freecodecamp;

--
-- Name: galaxy_galaxy_id_seq; Type: SEQUENCE; Schema: public; Owner: freecodecamp
--

CREATE SEQUENCE public.galaxy_galaxy_id_seq
    AS integer
    START WITH 1
    INCREMENT BY 1
    NO MINVALUE
    NO MAXVALUE
    CACHE 1;


ALTER TABLE public.galaxy_galaxy_id_seq OWNER TO freecodecamp;

--
-- Name: galaxy_galaxy_id_seq; Type: SEQUENCE OWNED BY; Schema: public; Owner: freecodecamp
--

ALTER SEQUENCE public.galaxy_galaxy_id_seq OWNED BY public.galaxy.galaxy_id;


--
-- Name: human; Type: TABLE; Schema: public; Owner: freecodecamp
--

CREATE TABLE public.human (
    human_id integer NOT NULL,
    name character varying(30),
    age numeric NOT NULL,
    exist boolean NOT NULL,
    height integer NOT NULL,
    description text NOT NULL,
    galaxy_id integer NOT NULL
);


ALTER TABLE public.human OWNER TO freecodecamp;

--
-- Name: human_galaxy_id_seq; Type: SEQUENCE; Schema: public; Owner: freecodecamp
--

CREATE SEQUENCE public.human_galaxy_id_seq
    AS integer
    START WITH 1
    INCREMENT BY 1
    NO MINVALUE
    NO MAXVALUE
    CACHE 1;


ALTER TABLE public.human_galaxy_id_seq OWNER TO freecodecamp;

--
-- Name: human_galaxy_id_seq; Type: SEQUENCE OWNED BY; Schema: public; Owner: freecodecamp
--

ALTER SEQUENCE public.human_galaxy_id_seq OWNED BY public.human.galaxy_id;


--
-- Name: human_human_id_seq; Type: SEQUENCE; Schema: public; Owner: freecodecamp
--

CREATE SEQUENCE public.human_human_id_seq
    AS integer
    START WITH 1
    INCREMENT BY 1
    NO MINVALUE
    NO MAXVALUE
    CACHE 1;


ALTER TABLE public.human_human_id_seq OWNER TO freecodecamp;

--
-- Name: human_human_id_seq; Type: SEQUENCE OWNED BY; Schema: public; Owner: freecodecamp
--

ALTER SEQUENCE public.human_human_id_seq OWNED BY public.human.human_id;


--
-- Name: moon; Type: TABLE; Schema: public; Owner: freecodecamp
--

CREATE TABLE public.moon (
    moon_id integer NOT NULL,
    name character varying(30) NOT NULL,
    life numeric NOT NULL,
    exist boolean NOT NULL,
    size integer NOT NULL,
    description text NOT NULL,
    distance integer NOT NULL,
    planet_id integer NOT NULL
);


ALTER TABLE public.moon OWNER TO freecodecamp;

--
-- Name: moon_moon_id_seq; Type: SEQUENCE; Schema: public; Owner: freecodecamp
--

CREATE SEQUENCE public.moon_moon_id_seq
    AS integer
    START WITH 1
    INCREMENT BY 1
    NO MINVALUE
    NO MAXVALUE
    CACHE 1;


ALTER TABLE public.moon_moon_id_seq OWNER TO freecodecamp;

--
-- Name: moon_moon_id_seq; Type: SEQUENCE OWNED BY; Schema: public; Owner: freecodecamp
--

ALTER SEQUENCE public.moon_moon_id_seq OWNED BY public.moon.moon_id;


--
-- Name: moon_planet_id_seq; Type: SEQUENCE; Schema: public; Owner: freecodecamp
--

CREATE SEQUENCE public.moon_planet_id_seq
    AS integer
    START WITH 1
    INCREMENT BY 1
    NO MINVALUE
    NO MAXVALUE
    CACHE 1;


ALTER TABLE public.moon_planet_id_seq OWNER TO freecodecamp;

--
-- Name: moon_planet_id_seq; Type: SEQUENCE OWNED BY; Schema: public; Owner: freecodecamp
--

ALTER SEQUENCE public.moon_planet_id_seq OWNED BY public.moon.planet_id;


--
-- Name: planet; Type: TABLE; Schema: public; Owner: freecodecamp
--

CREATE TABLE public.planet (
    planet_id integer NOT NULL,
    name character varying(30) NOT NULL,
    life numeric NOT NULL,
    exist boolean NOT NULL,
    size integer NOT NULL,
    description text NOT NULL,
    distance integer NOT NULL,
    star_id integer NOT NULL
);


ALTER TABLE public.planet OWNER TO freecodecamp;

--
-- Name: planet_planet_id_seq; Type: SEQUENCE; Schema: public; Owner: freecodecamp
--

CREATE SEQUENCE public.planet_planet_id_seq
    AS integer
    START WITH 1
    INCREMENT BY 1
    NO MINVALUE
    NO MAXVALUE
    CACHE 1;


ALTER TABLE public.planet_planet_id_seq OWNER TO freecodecamp;

--
-- Name: planet_planet_id_seq; Type: SEQUENCE OWNED BY; Schema: public; Owner: freecodecamp
--

ALTER SEQUENCE public.planet_planet_id_seq OWNED BY public.planet.planet_id;


--
-- Name: planet_star_id_seq; Type: SEQUENCE; Schema: public; Owner: freecodecamp
--

CREATE SEQUENCE public.planet_star_id_seq
    AS integer
    START WITH 1
    INCREMENT BY 1
    NO MINVALUE
    NO MAXVALUE
    CACHE 1;


ALTER TABLE public.planet_star_id_seq OWNER TO freecodecamp;

--
-- Name: planet_star_id_seq; Type: SEQUENCE OWNED BY; Schema: public; Owner: freecodecamp
--

ALTER SEQUENCE public.planet_star_id_seq OWNED BY public.planet.star_id;


--
-- Name: star; Type: TABLE; Schema: public; Owner: freecodecamp
--

CREATE TABLE public.star (
    star_id integer NOT NULL,
    name character varying(30) NOT NULL,
    life numeric NOT NULL,
    exist boolean NOT NULL,
    size integer NOT NULL,
    description text NOT NULL,
    distance integer NOT NULL,
    galaxy_id integer NOT NULL
);


ALTER TABLE public.star OWNER TO freecodecamp;

--
-- Name: star_galaxy_id_seq; Type: SEQUENCE; Schema: public; Owner: freecodecamp
--

CREATE SEQUENCE public.star_galaxy_id_seq
    AS integer
    START WITH 1
    INCREMENT BY 1
    NO MINVALUE
    NO MAXVALUE
    CACHE 1;


ALTER TABLE public.star_galaxy_id_seq OWNER TO freecodecamp;

--
-- Name: star_galaxy_id_seq; Type: SEQUENCE OWNED BY; Schema: public; Owner: freecodecamp
--

ALTER SEQUENCE public.star_galaxy_id_seq OWNED BY public.star.galaxy_id;


--
-- Name: star_star_id_seq; Type: SEQUENCE; Schema: public; Owner: freecodecamp
--

CREATE SEQUENCE public.star_star_id_seq
    AS integer
    START WITH 1
    INCREMENT BY 1
    NO MINVALUE
    NO MAXVALUE
    CACHE 1;


ALTER TABLE public.star_star_id_seq OWNER TO freecodecamp;

--
-- Name: star_star_id_seq; Type: SEQUENCE OWNED BY; Schema: public; Owner: freecodecamp
--

ALTER SEQUENCE public.star_star_id_seq OWNED BY public.star.star_id;


--
-- Name: galaxy galaxy_id; Type: DEFAULT; Schema: public; Owner: freecodecamp
--

ALTER TABLE ONLY public.galaxy ALTER COLUMN galaxy_id SET DEFAULT nextval('public.galaxy_galaxy_id_seq'::regclass);


--
-- Name: human human_id; Type: DEFAULT; Schema: public; Owner: freecodecamp
--

ALTER TABLE ONLY public.human ALTER COLUMN human_id SET DEFAULT nextval('public.human_human_id_seq'::regclass);


--
-- Name: human galaxy_id; Type: DEFAULT; Schema: public; Owner: freecodecamp
--

ALTER TABLE ONLY public.human ALTER COLUMN galaxy_id SET DEFAULT nextval('public.human_galaxy_id_seq'::regclass);


--
-- Name: moon moon_id; Type: DEFAULT; Schema: public; Owner: freecodecamp
--

ALTER TABLE ONLY public.moon ALTER COLUMN moon_id SET DEFAULT nextval('public.moon_moon_id_seq'::regclass);


--
-- Name: moon planet_id; Type: DEFAULT; Schema: public; Owner: freecodecamp
--

ALTER TABLE ONLY public.moon ALTER COLUMN planet_id SET DEFAULT nextval('public.moon_planet_id_seq'::regclass);


--
-- Name: planet planet_id; Type: DEFAULT; Schema: public; Owner: freecodecamp
--

ALTER TABLE ONLY public.planet ALTER COLUMN planet_id SET DEFAULT nextval('public.planet_planet_id_seq'::regclass);


--
-- Name: planet star_id; Type: DEFAULT; Schema: public; Owner: freecodecamp
--

ALTER TABLE ONLY public.planet ALTER COLUMN star_id SET DEFAULT nextval('public.planet_star_id_seq'::regclass);


--
-- Name: star star_id; Type: DEFAULT; Schema: public; Owner: freecodecamp
--

ALTER TABLE ONLY public.star ALTER COLUMN star_id SET DEFAULT nextval('public.star_star_id_seq'::regclass);


--
-- Name: star galaxy_id; Type: DEFAULT; Schema: public; Owner: freecodecamp
--

ALTER TABLE ONLY public.star ALTER COLUMN galaxy_id SET DEFAULT nextval('public.star_galaxy_id_seq'::regclass);


--
-- Data for Name: galaxy; Type: TABLE DATA; Schema: public; Owner: freecodecamp
--

INSERT INTO public.galaxy VALUES (1, 'galaxy_1', 12323, true, 23, 120000, 'good place');
INSERT INTO public.galaxy VALUES (2, 'galaxy_2', 0, true, 12, 120000, 'a very hot place');
INSERT INTO public.galaxy VALUES (3, 'galaxy_3', 0, false, 123, 12053450, 'a sleepy place');
INSERT INTO public.galaxy VALUES (4, 'galaxy_4', 1, true, 1, 10000000, 'a dark place');
INSERT INTO public.galaxy VALUES (5, 'galaxy_5', 4234, false, 1, 10430000, 'a white place');
INSERT INTO public.galaxy VALUES (6, 'galaxy_6', 434, true, 132, 110436700, 'a new place');


--
-- Data for Name: human; Type: TABLE DATA; Schema: public; Owner: freecodecamp
--

INSERT INTO public.human VALUES (1, 'Pedro', 23, true, 159, 'a good person', 1);
INSERT INTO public.human VALUES (2, 'Margaret', 107, false, 100, 'a mysteirous person', 2);
INSERT INTO public.human VALUES (3, 'Jhon', 15, true, 150, 'a mysterious person', 3);


--
-- Data for Name: moon; Type: TABLE DATA; Schema: public; Owner: freecodecamp
--

INSERT INTO public.moon VALUES (1, 'moon_1', 120, true, 10000000, 'a britgh star', 2500000, 1);
INSERT INTO public.moon VALUES (2, 'moon_2', 0, false, 264974748, 'a dream moon', 1, 2);
INSERT INTO public.moon VALUES (3, 'moon_3', 0, false, 264748, 'a big moon', 1, 3);
INSERT INTO public.moon VALUES (4, 'moon_4', 1200, true, 264748, 'a brightest moon', 6798698, 4);
INSERT INTO public.moon VALUES (5, 'moon_5', 12345, false, 8906, 'an empty moon', 123456, 1);
INSERT INTO public.moon VALUES (6, 'moon_6', 12345, false, 8906, 'an empty moon', 123456, 6);
INSERT INTO public.moon VALUES (7, 'moon_7', 12345, false, 8906, 'an empty moon', 123456, 6);
INSERT INTO public.moon VALUES (8, 'moon_8', 12345, false, 8906, 'an empty moon', 123456, 10);
INSERT INTO public.moon VALUES (9, 'moon_9', 12345, false, 8906, 'an full moon', 123456, 11);
INSERT INTO public.moon VALUES (10, 'moon_10', 12345, false, 8906, 'an full moon', 123456, 9);
INSERT INTO public.moon VALUES (12, 'moon_12', 12345, false, 123906, 'an full moon', 123456, 10);
INSERT INTO public.moon VALUES (11, 'moon_11', 12345, false, 123906, 'an full moon', 123456, 11);
INSERT INTO public.moon VALUES (13, 'moon_13', 12345, false, 123906, 'an full moon', 123449, 9);
INSERT INTO public.moon VALUES (14, 'moon_14', 12345, true, 243906, 'an full moon', 123449, 9);
INSERT INTO public.moon VALUES (15, 'moon_15', 12345, true, 243906, 'an full moon', 123449, 7);
INSERT INTO public.moon VALUES (16, 'moon_16', 12345678, true, 243906, 'an empty moon', 123449, 8);
INSERT INTO public.moon VALUES (17, 'moon_17', 1234832, true, 243906, 'an black moon', 123449, 8);
INSERT INTO public.moon VALUES (18, 'moon_18', 1234832, true, 243906, 'an black moon', 123449, 2);
INSERT INTO public.moon VALUES (19, 'moon_19', 1234832, true, 243906, 'an black moon', 123449, 1);
INSERT INTO public.moon VALUES (20, 'moon_20', 1234832, true, 243906, 'an black moon', 123449, 6);


--
-- Data for Name: planet; Type: TABLE DATA; Schema: public; Owner: freecodecamp
--

INSERT INTO public.planet VALUES (1, 'planet_1', 120, true, 10000000, 'a britgh star', 2500000, 1);
INSERT INTO public.planet VALUES (2, 'planet_2', 0, false, 264974748, 'a dream star', 1, 2);
INSERT INTO public.planet VALUES (3, 'planet_3', 0, false, 264748, 'a big planet', 1, 3);
INSERT INTO public.planet VALUES (4, 'planet_4', 1200, true, 264748, 'a brightest planet', 6798698, 4);
INSERT INTO public.planet VALUES (5, 'planet_5', 5600, false, 784748, 'a brightest planet', 6798698, 5);
INSERT INTO public.planet VALUES (6, 'planet_6', 57090, false, 784748, 'a planet', 6798698, 6);
INSERT INTO public.planet VALUES (7, 'planet_7', 77890, true, 784748, 'a planet', 6798698, 6);
INSERT INTO public.planet VALUES (8, 'planet_8', 7890, true, 784748, 'a 5 planet', 6798698, 5);
INSERT INTO public.planet VALUES (9, 'planet_9', 467890, true, 374759, 'a 9 planet', 6798698, 4);
INSERT INTO public.planet VALUES (10, 'planet_10', 467890, false, 366689, 'a good planet', 1238698, 3);
INSERT INTO public.planet VALUES (11, 'planet_11', 987654, false, 12345, 'a bad planet', 18984, 2);
INSERT INTO public.planet VALUES (12, 'planet_12', 1236547, false, 654321, 'a ok planet', 123456, 1);


--
-- Data for Name: star; Type: TABLE DATA; Schema: public; Owner: freecodecamp
--

INSERT INTO public.star VALUES (1, 'star_1', 120, true, 10000000, 'a britgh star', 2500000, 1);
INSERT INTO public.star VALUES (2, 'star_2', 0, false, 264974748, 'a dream star', 1, 2);
INSERT INTO public.star VALUES (3, 'star_3', 0, false, 264748, 'a big star', 1, 3);
INSERT INTO public.star VALUES (4, 'star_4', 1200, true, 264748, 'a brightest star', 6798698, 4);
INSERT INTO public.star VALUES (5, 'star_5', 0, false, 189748, 'a small star', 1, 5);
INSERT INTO public.star VALUES (6, 'star_6', 0, true, 769748, 'the samllest star', 1, 6);


--
-- Name: galaxy_galaxy_id_seq; Type: SEQUENCE SET; Schema: public; Owner: freecodecamp
--

SELECT pg_catalog.setval('public.galaxy_galaxy_id_seq', 1, false);


--
-- Name: human_galaxy_id_seq; Type: SEQUENCE SET; Schema: public; Owner: freecodecamp
--

SELECT pg_catalog.setval('public.human_galaxy_id_seq', 1, false);


--
-- Name: human_human_id_seq; Type: SEQUENCE SET; Schema: public; Owner: freecodecamp
--

SELECT pg_catalog.setval('public.human_human_id_seq', 1, false);


--
-- Name: moon_moon_id_seq; Type: SEQUENCE SET; Schema: public; Owner: freecodecamp
--

SELECT pg_catalog.setval('public.moon_moon_id_seq', 1, false);


--
-- Name: moon_planet_id_seq; Type: SEQUENCE SET; Schema: public; Owner: freecodecamp
--

SELECT pg_catalog.setval('public.moon_planet_id_seq', 1, false);


--
-- Name: planet_planet_id_seq; Type: SEQUENCE SET; Schema: public; Owner: freecodecamp
--

SELECT pg_catalog.setval('public.planet_planet_id_seq', 1, false);


--
-- Name: planet_star_id_seq; Type: SEQUENCE SET; Schema: public; Owner: freecodecamp
--

SELECT pg_catalog.setval('public.planet_star_id_seq', 1, false);


--
-- Name: star_galaxy_id_seq; Type: SEQUENCE SET; Schema: public; Owner: freecodecamp
--

SELECT pg_catalog.setval('public.star_galaxy_id_seq', 1, false);


--
-- Name: star_star_id_seq; Type: SEQUENCE SET; Schema: public; Owner: freecodecamp
--

SELECT pg_catalog.setval('public.star_star_id_seq', 1, false);


--
-- Name: galaxy galaxy_name_key; Type: CONSTRAINT; Schema: public; Owner: freecodecamp
--

ALTER TABLE ONLY public.galaxy
    ADD CONSTRAINT galaxy_name_key UNIQUE (name);


--
-- Name: galaxy galaxy_pkey; Type: CONSTRAINT; Schema: public; Owner: freecodecamp
--

ALTER TABLE ONLY public.galaxy
    ADD CONSTRAINT galaxy_pkey PRIMARY KEY (galaxy_id);


--
-- Name: human human_name_key; Type: CONSTRAINT; Schema: public; Owner: freecodecamp
--

ALTER TABLE ONLY public.human
    ADD CONSTRAINT human_name_key UNIQUE (name);


--
-- Name: human human_pkey; Type: CONSTRAINT; Schema: public; Owner: freecodecamp
--

ALTER TABLE ONLY public.human
    ADD CONSTRAINT human_pkey PRIMARY KEY (human_id);


--
-- Name: moon moon_name_key; Type: CONSTRAINT; Schema: public; Owner: freecodecamp
--

ALTER TABLE ONLY public.moon
    ADD CONSTRAINT moon_name_key UNIQUE (name);


--
-- Name: moon moon_pkey; Type: CONSTRAINT; Schema: public; Owner: freecodecamp
--

ALTER TABLE ONLY public.moon
    ADD CONSTRAINT moon_pkey PRIMARY KEY (moon_id);


--
-- Name: planet planet_name_key; Type: CONSTRAINT; Schema: public; Owner: freecodecamp
--

ALTER TABLE ONLY public.planet
    ADD CONSTRAINT planet_name_key UNIQUE (name);


--
-- Name: planet planet_pkey; Type: CONSTRAINT; Schema: public; Owner: freecodecamp
--

ALTER TABLE ONLY public.planet
    ADD CONSTRAINT planet_pkey PRIMARY KEY (planet_id);


--
-- Name: star star_name_key; Type: CONSTRAINT; Schema: public; Owner: freecodecamp
--

ALTER TABLE ONLY public.star
    ADD CONSTRAINT star_name_key UNIQUE (name);


--
-- Name: star star_pkey; Type: CONSTRAINT; Schema: public; Owner: freecodecamp
--

ALTER TABLE ONLY public.star
    ADD CONSTRAINT star_pkey PRIMARY KEY (star_id);


--
-- Name: moon fk_moon_planet; Type: FK CONSTRAINT; Schema: public; Owner: freecodecamp
--

ALTER TABLE ONLY public.moon
    ADD CONSTRAINT fk_moon_planet FOREIGN KEY (planet_id) REFERENCES public.planet(planet_id);


--
-- Name: planet fk_planet_star; Type: FK CONSTRAINT; Schema: public; Owner: freecodecamp
--

ALTER TABLE ONLY public.planet
    ADD CONSTRAINT fk_planet_star FOREIGN KEY (star_id) REFERENCES public.star(star_id);


--
-- Name: star fk_star_galaxy; Type: FK CONSTRAINT; Schema: public; Owner: freecodecamp
--

ALTER TABLE ONLY public.star
    ADD CONSTRAINT fk_star_galaxy FOREIGN KEY (galaxy_id) REFERENCES public.galaxy(galaxy_id);


--
-- PostgreSQL database dump complete
--

